{
  "posts": [
    {
      "id": "1",
      "image": "./src/assets/sunset.jpeg",
      "caption": "Sunset vibes 🌅",
      "likes": 120,
      "timestamp": "2025-07-17T10:30:00Z",
      "user": {
        "username": "nature_lover",
        "profilePic": "./src/assets/tech_girl.jpeg"
      },
      "comments": [
        {
          "id": 1,
          "username": "jessy_k",
          "text": "Wow! So beautiful 🧡"
        },
        {
          "id": 2,
          "username": "rahul_dev",
          "text": "Nice shot!"
        }
      ]
    },
    {
      "id": "2",
      "image": "./src/assets/beach.jpg",
      "caption": "Throwback to beach days 🏖️",
      "likes": 95,
      "timestamp": "2025-07-15T16:45:00Z",
      "user": {
        "username": "beach_bae",
        "profilePic": "./src/assets/coder_boy.jpeg"
      },
      "comments": [
        {
          "id": 1,
          "username": "sunny_sam",
          "text": "Beach is life 🌊"
        }
      ]
    },
    {
      "id": "3",
      "image": "./src/assets/id1.jpeg",
      "caption": "Workout mode on 💪",
      "likes": 205,
      "timestamp": "2025-07-14T07:20:00Z",
      "user": {
        "username": "fit_freak",
        "profilePic": "./src/assets/id2.jpeg"
      },
      "comments": [
        {
          "id": 1,
          "username": "gym_girl",
          "text": "Inspiration! 🔥"
        },
        {
          "id": 2,
          "username": "raj_23",
          "text": "Keep going bro!"
        }
      ]
    }
  ],
  "profile": {
    "id": "1",
    "username": "_j.e.s.h.n.a_",
    "profilePic": "./src/assets/Jes.jpg"
  },
  "suggestions": [
    {
      "id": "1",
      "username": "nature_lover",
      "profilePic": "./src/assets/tech_girl.jpeg"
    },
    {
      "id": "2",
      "username": "beach_bae",
      "profilePic": "./src/assets/coder_boy.jpeg"
    },
    {
      "id": "3",
      "username": "fit_freak",
      "profilePic": "./src/assets/id2.jpeg"
    },
    {
      "id": "4",
      "username": "freak",
      "profilePic": "./src/assets/id2.jpeg"
    }
  ],
  "story": [
    {
      "id": "1",
      "image": "./src/assets/story1.jpeg",
      "username": "nature_lover",
      "profilePic": "./src/assets/dp1.jpeg"
    },
    {
      "id": "2",
      "image": "./src/assets/story2.jpg",
      "username": "beach_bae",
      "profilePic": "./src/assets/dp2.jpg"
    },
    {
      "id": "3",
      "image": "./src/assets/story3.jpg",
      "username": "fit_freak",
      "profilePic": "./src/assets/dp3.jpg"
    }
  ],
  "followers": [
    {
      "id": "3",
      "username": "fit_freak"
    },
    {
      "id": "1",
      "username": "nature_lover"
    },
    {
      "id": "1",
      "username": "nature_lover"
    },
    {
      "id": "1",
      "username": "nature_lover"
    },
    {
      "id": "1",
      "username": "nature_lover"
    },
    {
      "id": "1",
      "username": "nature_lover"
    }
  ]
}