{
  "posts": [
    {
      "id": "1",
      "image": "./src/assets/bike.jpg",
      "caption": " Fueled by adrenaline⛽🔥",
      "likes": 120,
      "timestamp": "2025-07-17T10:30:00Z",
      "user": {
        "username": "m.i.hawkx",
        "profilePic": "./src/assets/rahul.jpg"
      }
    },
    {
      "id": "2",
      "image": "./src/assets/supra.jpg",
      "caption": "Roads fear me. Supra leads me.🚘💥",
      "likes": 95,
      "timestamp": "2025-07-15T16:45:00Z",
      "user": {
        "username": "anuj_.__",
        "profilePic": "./src/assets/anuj.jpg"
      }
    },
    {
      "id": "3",
      "image": "./src/assets/food.jpg",
      "caption": "Feeding the body and the soul💫🥑",
      "likes": 205,
      "timestamp": "2025-07-14T07:20:00Z",
      "user": {
        "username": "agnal_smith",
        "profilePic": "./src/assets/agnal.jpg"
      }
    }
  ],
  "profile": {
    "id": "1",
    "username": "_j.e.s.h.n.a_",
    "profilePic": "./src/assets/jesh.jpg",
    "bio": "Seeded in secrecy"
  },
  "suggestions": [
    {
      "id": "21",
      "username": "-.zandeep.-",
      "profilePic": "./src/assets/zandeep.jpg"
    },
    {
      "id": "22",
      "username": "iamevastark",
      "profilePic": "./src/assets/evastark.jpeg"
    },
    {
      "id": "23",
      "username": "naslenofficial",
      "profilePic": "./src/assets/naslen.jpeg"
    },
    {
      "id": "24",
      "username": "cozitsmarina",
      "profilePic": "./src/assets/cozitsmarina.jpeg"
    },
    {
      "id": "25",
      "username": "bjbala_kpy",
      "profilePic": "./src/assets/bjbala_kpy.jpeg"
    },
    {
      "id": "26",
      "username": "yuktha",
      "profilePic": "./src/assets/yuktha.jpeg"
    },
    {
      "id": "27",
      "username": "jabee_e",
      "profilePic": "./src/assets/jabee_e.jpg"
    },
    {
      "id": "28",
      "username": "_.drinitta._",
      "profilePic": "./src/assets/drinitta.jpg"
    },
    {
      "id": "29",
      "username": "_.nidhi._rm",
      "profilePic": "./src/assets/nidhi.jpg"
    },
    {
      "id": "30",
      "username": "darshini_j_",
      "profilePic": "./src/assets/darshini_j_.jpeg"
    }
  ],
  "story": [
    {
      "id": "1",
      "username": "_p.a.p.p.u_14",
      "image": "./src/assets/story2.jpg",
      "profilePic": "./src/assets/coder_boy.jpeg"
    },
    {
      "id": "2",
      "username": "jishar_14",
      "image": "./src/assets/story2.jpg",
      "profilePic": "./src/assets/jishar.jpg"
    },
    {
      "id": "3",
      "username": "anhsej_11",
      "image": "./src/assets/story2.jpg",
      "profilePic": "./src/assets/jesh1.jpg"
    }
  ],
  "followers": [
    {
      "id": "11",
      "username": ".fathima..beevi.",
      "profilePic": "./src/assets/fathima.jpg"
    },
    {
      "id": "12",
      "username": "..anitha..",
      "profilePic": "./src/assets/anitha.jpg"
    },
    {
      "id": "13",
      "username": ".-aasha-.",
      "profilePic": "./src/assets/sam.jpg"
    },
    {
      "id": "14",
      "username": ".madhu_mitha.",
      "profilePic": "./src/assets/tech_girl.jpeg"
    },
    {
      "id": "15",
      "username": "anuj_.__",
      "profilePic": "./src/assets/anuj.jpg"
    },
    {
      "id": "16",
      "username": "m.i.hawkx",
      "profilePic": "./src/assets/rahul.jpg"
    },
    {
      "id": "17",
      "username": "jishar_14",
      "profilePic": "./src/assets/jishar.jpg"
    },
    {
      "id": "18",
      "username": "_p.a.p.p.u_14",
      "profilePic": "./src/assets/coder_boy.jpeg"
    },
    {
      "id": "19",
      "username": "anhsej_11",
      "profilePic": "./src/assets/jesh1.jpg"
    },
    {
      "id": "20",
      "username": "agnal_smith",
      "profilePic": "./src/assets/agnal.jpg"
    }
  ]
}